{
  "rmse": 323.70195859403236,
  "mae": 278.1662848306925,
  "medae": 275.5706236410765,
  "mape_percent": 100.30437494283038,
  "r2": 0.038868422126627666,
  "p90_ae": 506.8676521869667,
  "n_test": 20236
}